,Wikias by pageviews,Wiki ID,Primary,Secondary - Add all that apply,,Secondaries to chose from:,
Joe,harrypotter.wikia.com,509,Books,Movies| Drama| Fantasy| Gaming| Action| PC| Xbox 36 PlayStation  Young Adult,,Fighting,
Scott,thehungergames.wikia.com,35171,Books,Movies| Sci-Fi| Adventure| Action| Young Adult,,JRPG,
Ariana,howtotrainyourdragon.wikia.com,13367,Books,Movies| Music| Gaming| Animation,,Linux,
Thomas,lotr.wikia.com,159,Books,Fantasy| Movies| Adventure,,PlayStation 4,
Ariana,camphalfblood.wikia.com,3313,Books,Young Adult| Action| Adventure| Children| Fantasy| Movies,,RTS,
Kate,twilightsaga.wikia.com,5687,Books,Movies| Romance| Comics| Young Adult,,,
Kate,warriors.wikia.com,1714,Books,Children| Fantasy,,,
Kate,shadowhunters.wikia.com,12244,Books,Action| Adventure| Fantasy| Movies| Comics| Romance| Young Adult,,,
Bert,divergent.wikia.com,265480,Books,Movies| Young Adult| Sci-Fi| Adventure| Action,,,
Tim Q,iceandfire.wikia.com,7045,Books,Fantasy| Drama,,,
Sannse,wot.wikia.com,730,Books,Fantasy| Trading Card Game (TCG)| RPG| Gaming| Shooter| Adventure,,,
Nick,arthur.wikia.com,10415,Books,TV| Animation| Children| Education| Adventure,,,
Nick,bakerstreet.wikia.com,681379,Books,TV| Movies| Action| Adventure| Drama| Classical| Humor| ,,,
Annette,malazan.wikia.com,6313,Books,Fantasy,,,
Annette,the100.wikia.com,750919,Books,TV| Young Adult| Drama| Fantasy,,,
Annette,camphalfbloodroleplay.wikia.com,243470,Books,Fantasy| Young Adult,,,
Annette,vampireacademy.wikia.com,15738,Books,Young Adult| Fantasy,,,
Wendy,aliens.wikia.com,1231,Books,sci-fi| horror| books| movies| tv| comics| gaming,,,
Luis,parody.wikia.com,78127,Books,comedy| humor,,,
Tim Q,mahouka-koukou-no-rettousei.wikia.com,699165,Comics,Anime,,,
Andrew,date-a-live.wikia.com,614094,Comics,Anime| Animation,,,
Luis,yuyuhakusho.wikia.com,6521,Comics,Anime| Adventure| Horror,,,
Joe,yugioh.wikia.com,410,Comics,Anime| TV| Gaming| TCG| Strategy| Movies| Xbox 36 PlayStation  Nintendo 3DS,,Action,
Joe,marvel.wikia.com,2233,Comics,Movies| TV| Animation| Heroes| Gaming| Action| Fighting| RPG| MMO| Mobile| iOS| PC| Xbox 36 Xbox One| PlayStation PlayStation  Wii U,,Anime,
Joe,naruto.wikia.com,1318,Comics,Anime| Gaming| Movies| Fighting| Action| Xbox 36 PlayStation 3,,Books,
Joe,onepiece.wikia.com,1081,Comics,Anime| Books| Gaming| Action| RPG| Fighting| PlayStation  Wii U| Nintendo 3DS,,Education,
Joe,dc.wikia.com,2237,Comics,Movies| TV| Animation| Heroes| Gaming| Action| Fighting| RPG| MMO| MOBA| Shooter| Mobile| iOS| PC| Xbox 36 PlayStation Wii U| Nintendo 3DS,,Finance,
Joe,fairytail.wikia.com,6276,Comics,Anime| Gaming| Fighting,,Food and Drink,
Joe,dragonball.wikia.com,530,Comics,Anime| Movies| Toys| Books| Gaming| Fighting| Action| RPG| TCG| Xbox 36 PlayStation  Nintendo 3DS,,Free-to-Play,
Annette,towerofgod.wikia.com,175944,Comics,Manga| Anime,,Java,
Thomas,bleach.wikia.com,3747,Comics,TV| Anime| Fantasy,,MMO,
Thomas,shingekinokyojin.wikia.com,338386,Comics,Action| Fantasy| Horror| Drama,,PlayStation Vita,
Annette,queensblade.wikia.com,29197,Comics,Books| Anime| Manga,,Tower Defense,
Scott,batman.wikia.com,3166,Comics,Movies| Gaming| Toys| TV| Animation| Books| ,,Young Adult,
Bert,highschooldxd.wikia.com,462582,Comics,Anime| Books| Horror| ,,,
Tim Q,toarumajutsunoindex.wikia.com,52685,Comics,Anime| Fantasy| ,,,
Annette,ironman.wikia.com,6782,Comics,Action| Movies| TV| Animation| Gaming| Toys| Heroes,,,
Scott,jojo.wikia.com,5278,Comics,Anime| Gaming| TV| Books,,,
Ariana,turtlepedia.wikia.com,2061,Comics,TV| Movies| Gaming| Toys| Animation| Fighting| Fantasy,,,
Grace,x-men.wikia.com,1295,Comics,Movies| TV| Action| Sci-fi,,,
Grace,swordartonline.wikia.com,295658,Comics,Anime| Fantasy| Romance| Action| Adventure| Sci-Fi| Books,,,
Bert,kurokonobasuke.wikia.com,187071,Comics,Anime| Sports| TV| Young Adult,,,
Bert,beyblade.wikia.com,3655,Comics,Toys| Anime| Fantasy| Action,,,
Bert,hero.wikia.com,20780,Comics,TV| Sci-Fi| Heroes| Fantasy| Animation| Adventure| Action,,,
Tim Q,magi.wikia.com,18751,Comics,Anime| Nintendo 3DS| Young Adult,,,
Sannse,dcanimated.wikia.com,393,Comics,Animation| TV| Heroes| Movies,,,
Sannse,sailormoon.wikia.com,537,Comics,Children| Anime| Music| Toys| Gaming| Movies,,,
Sannse,fables.wikia.com,34220,Comics,Fantasy| Action,,,
Andrew,kenichi.wikia.com,10535,Comics,Anime| Animation| Playstation 2,,,
Kirkburn,monstergirlencyclopedia.wikia.com,493764,Comics,Fantasy| Anime,,,
Kirkburn,narutofanon.wikia.com,3156,Comics,TV| Movies| Anime| Toys| Fantasy,,,
Kirkburn,spiderman.wikia.com,695,Comics,TV| Movies| Fantasy| Animation| Adventure| Gaming| Heroes,,,
Kirkburn,aonoexorcist.wikia.com,166617,Comics,Anime| TV| Fantasy,,,
Kirkburn,duelmasters.wikia.com,6546,Comics,Tabletop| Anime| Fantasy| Gaming,,,
Kirkburn,kuroshitsuji.wikia.com,13501,Comics,Fantasy| Anime| Horror,,,
Brandon,archiesonic.wikia.com,3989,Comics,Animation| Books| Fantasy,,,
Brandon,gintama.wikia.com,14161,Comics,Anime| Books| Comedy| Gaming| Movies| Music| Sci-Fi,,,
Brandon,deathnote.wikia.com,3581,Comics,Anime| Books| Fantasy| Gaming| Movies| Music,,,
Wendy,animebaths.wikia.com,70256,Comics,anime| animation| movies,,,
Wendy,berserk.wikia.com,7275,Comics,anime| fantasy| action| adventure| movies| music,,,
Luis,no-game-no-life.wikia.com,895016,Comics,animation| fantasy| adventure,,,
Nick,hetalia.wikia.com,11764,Comics,Anime| Comedy,,,
Annette,greenlantern.wikia.com,6971,Comics,Movies| Animation| Heroes,,,
Annette,saintseiya.wikia.com,9969,Comics,Anime| TV,,,
Annette,log-horizon.wikia.com,827639,Comics,Anime,,Puzzle,
Thomas,villains.wikia.com,1544,Comics,TV| Books| Comics| Gaming| Movies,,Mobile,
Thomas,powerlisting.wikia.com,48473,Comics,TV| Comics| Movies| Gaming| Books,,PlayStation 3,
Joe,runescape.wikia.com,304,Gaming,MMO| Fantasy| Free-to-Play,,Animation,
Joe,bravefrontierglobal.wikia.com,841905,Gaming,Mobile| iOS| Android| RPG,,Answers,
Joe,fallout.wikia.com,3035,Gaming,RPG| Shooter| Strategy| PC| Xbox 36 PlayStation  Comics,,Auto,
Joe,leagueoflegends.wikia.com,14764,Gaming,MOBA| Strategy| Free-to-Play| Fantasy| e-Sports,,Children,
Joe,clashofclans.wikia.com,558247,Gaming,Mobile| iOS| Android| Free-to-Play| Strategy,,Classical,
Joe,gta.wikia.com,4541,Gaming,Action| PC| Xbox 36 PlayStation  iOS,,Comedy,
Joe,www.wowwiki.com,490,Gaming,MMO| RPG| Strategy| Fantasy| PC| Books| Tabletop| TCG,,Comics,
Joe,warframe.wikia.com,544934,Gaming,Shooter| Free-to-Play| Sci-Fi| PC| Xbox One| Playstation 4,,Country,
Joe,finalfantasy.wikia.com,174,Gaming,RPG| MMO| Strategy| Fantasy| PC| Xbox 36 Playstation  Mobile| iOS,,Creative,
Joe,cardfight.wikia.com,185111,Gaming,TCG| Tabletop| Comics| RPG| Strategy| Nintendo 3DS| iOS| Android,,e-Sports,
Joe,dragonage.wikia.com,10150,Gaming,RPG| Fantasy| PC| Xbox 36 PlayStation 3,,Electronic,
Joe,darksouls.wikia.com,208733,Gaming,Action| RPG| Fantasy| PC| Xbox 36 PlayStation 3,,Fanon,
Joe,terraria.wikia.com,255885,Gaming,PC| Xbox 36 PlayStation  iOS| Android| Action,,Fashion and Style,
Nico,saintsrow.wikia.com,4470,Gaming,Action| Adventure| Xbox 36 PC| PS 3,,Flash,
Joe,borderlands.wikia.com,11954,Gaming,Shooter| RPG| PC| Xbox 36 PlayStation 3,,Gaming,
Joe,masseffect.wikia.com,3491,Gaming,RPG| Shooter| Sci-Fi| PC| Xbox 36 PlayStation  Mobile| iOS| Android,,Heroes,
Thomas,callofduty.wikia.com,3125,Gaming,Shooter| Mobile| PC| PlayStation  PlayStation  Xbox 36 Xbox One,,Hip Hop/Rap/R&B,
Thomas,monsterhunter.wikia.com,3234,Gaming,Adventure| Strategy| Survival| Nintendo 3DS| PlayStation 3,,Home and Gardening,
Thomas,tibia.wikia.com,351,Gaming,Free-to-Play| MMO| PC| RPG,,Humor,
Thomas,avengersalliance.wikia.com,476950,Gaming,Android| iOS| Free-to-Play| PC| Mac| Strategy,,Indie,
Thomas,dont-starve-game.wikia.com,599420,Gaming,Action| Adventure| Mac| PC| PlayStation  Survival| Horror,,Jazz,
Thomas,2007.runescape.wikia.com,691244,Gaming,Fantasy| MMO| RPG| PC| Mac,,Nintendo Wii U,
Joe,elderscrolls.wikia.com,1706,Gaming,Fantasy| RPG| MMO| PC| Xbox 36 PlayStation 3,,Note: Please Click,
Thomas,pokemon.wikia.com,74,Gaming,Anime| Comics| Children| Fantasy| RPG| Nintendo 3DS,,PC,
Thomas,wiki.ffxiclopedia.org,1657,Gaming,Fantasy| MMO| RPG| PC| Xbox 360,,Philosophy,
Nico,civilization.wikia.com,1945,Gaming,Strategy| Tabletop| PC| Mac| Playstation 3,,Platformer,
Thomas,halo.wikia.com,462,Gaming,Shooter| Sci-Fi| PC| Mac| Xbox 36 Xbox One,,Politics,
Thomas,sims.wikia.com,105,Gaming,Simulation| Strategy| PC| Mac,,Pop,
Thomas,pad.wikia.com,658287,Gaming,Mobile| Strategy| RPG,,Racing,
Thomas,animalcrossing.wikia.com,583,Gaming,Simulation| RPG| Nintendo 3DS,,Rock,
Thomas,fireemblem.wikia.com,941,Gaming,Strategy| RPG| Nintendo 3DS,,Romance,
Ariana,witcher.wikia.com,3443,Gaming,Books| Fantasy| Movies| TV| ,,Rougelike,
Thomas,megamitensei.wikia.com,5813,Gaming,RPG| PC| iOS| Nintendo 3DS| PlayStation Vita| Xbox 36 Fantasy,,Sci-Fi,
Nico,warhammer40k.wikia.com,501,Gaming,Tabletop| RTS| Sci-Fi| PC,,Shooter,
Nico,outlast.wikia.com,768449,Gaming,Survival| Horror| PC| Playstation  Xbox One,,Stealth,
Nico,assassinscreed.wikia.com,3510,Gaming,Action| Adventure| Playstation  Xbox 36 PC| Mac| Nintendo DS| PS Vita| Playstation  iOS| Android| Nintendo Wii U,,Survival,
Nico,bindingofisaac.wikia.com,394524,Gaming,Action| Adventure| Rouguelike| PC| Mac| Linux,,Tabletop,
Nico,dragonsdogma.wikia.com,249580,Gaming,Action| RPG| PlayStation  Xbox 360,,Technology,
Nico,sonic.wikia.com,663,Gaming,iOS| Android| Nintendo DS| Xbox 36 PS  Wii| Nintendo 3DS| Action| Platformer| Racing,,Trading Card Game (TCG),
Nico,dragoncity.wikia.com,540764,Gaming,Mobile| Android| iOS| Fantasy| Free-to-Play,,TV,
Nico,watchdogs.wikia.com,955166,Gaming,Action| Adventure| PlayStation  PlayStation  Xbox 36 Xbox One| Nintendo Wii U| PC,,,
Nico,kancolle.wikia.com,813333,Gaming,Free-to-Play| Tabletop| Anime| TCG| Flash,,,
Nico,diablo.wikia.com,255,Gaming,Action| RPG| PC| PlayStation  PlayStation  Xbox 36 Xbox One| OSX,,,
Nico,residentevil.wikia.com,1249,Gaming,Movies| Survival| Horror| Action| PC| Playstation  Playstation  Xbox 36 Xbox One| Wii U| Books| Comics| Toys| Wii,,,
Nico,megaman.wikia.com,401,Gaming,Action| TV| Comics| Nintendo DS| PC| iOS| Android,,,
Nico,plantsvszombies.wikia.com,22439,Gaming,iOS| Xbox 36 PlayStation  Android| OSX| Nintendo DS| Tower Defense,,,
Nico,bioshock.wikia.com,3490,Gaming,Action| RPG| PlayStation  PC| Xbox 36 Shooter,,,
Nico,growtopia.wikia.com,653222,Gaming,iOS| PC| Adventure| Platformer| Android,,,
Nico,zelda.wikia.com,444,Gaming,Nintendo 3DS| Action| Adventure| Fantasy| Wii| Wii U,,,
Nico,dragon-story.wikia.com,536811,Gaming,iOS| Android| Animation| Fantasy,,,
Nico,metalgear.wikia.com,634,Gaming,Playstation  Shooter| Stealth| Action| PC| Xbox One| Xbox 36 Playstation  Nintendo 3DS,,,
Nico,feed-the-beast.wikia.com,620650,Gaming,PC| Xbox 36 PlayStation  iOS| Android| Linux| OSX| Xbox One| Playstation Vita| Playstation  Survival,,,
Nico,cookieclicker.wikia.com,807122,Gaming,Animation| Strategy| Java,,,
Nico,battlefield.wikia.com,1139,Gaming,Shooter| Xbox 36 PlayStation  PlayStation  PC| OSX| Xbox one,,,
Nico,bloodbrothersgame.wikia.com,596376,Gaming,iOS| Android| Action| RPG,,,
Nico,wolfenstein.wikia.com,4654,Gaming,Shooter| Xbox 36 PlayStation  PlayStation  Xbox One| PC| OSX,,,
Nico,dragonvale.wikia.com,379993,Gaming,Simulation| iOS| Android,,,
Nico,clubpenguin.wikia.com,2395,Gaming,MMO| RPG| Flash,,,
Nico,streetfighter.wikia.com,4492,Gaming,Movies| Animation| Fighting| Xbox 36 PlayStation  Playstation  PC| iOS| Android| Nintendo 3DS,,,
Nico,reddead.wikia.com,30404,Gaming,Action| Shooter| Xbox 36 Playstation 3,,,
Nico,castle-clash.wikia.com,803756,Gaming,Fantasy| Strategy| Android| iOS,,,
Nico,koei.wikia.com,912,Gaming,Fighting| Action| Adventure| Playstation  Nintendo 3DS| Xbox 36 Playstation Vita| Wii,,,
Nico,ayakashi-ghost-guild.wikia.com,608004,Gaming,Fanon| Fantasy| JRPG| IOS| Android,,,
Nico,ftl.wikia.com,553933,Gaming,RTS| Sci-Fi| iOS| Mac| PC| Rougelike| Linux,,,
Nico,eq2.wikia.com,324,Gaming,MMO| RPG| PC| Fantasy| Adventure| OSX,,,
Nico,typemoon.wikia.com,3775,Gaming,Anime| Comics| Fantasy| PC| RPG,,,
Nico,fable.wikia.com,3405,Gaming,Xbox One| Action| RPG| Xbox 36 PC| OSX,,,
Nico,supersmashbros.wikia.com,2714,Gaming,Action| Fighting| Wii U| Nintendo 3DS| Wii,,,
Nico,kirby.wikia.com,2728,Gaming,Action| Fantasy| Nintendo 3DS| Wii| Wii U,,,
Nico,pixelmon.wikia.com,580004,Gaming,Survival| PC| OSX,,,
Nico,forgottenrealms.wikia.com,691,Gaming,Books| Comics| Action| Fantasy| RPG| MMO| PC,,,
Nico,knights-and-dragons.wikia.com,742882,Gaming,IOS| Android| Fighting| Action| Fantasy,,,
Nico,buddyfight.wikia.com,824677,Gaming,TCG| Anime| Strategy,,,
Nico,candy-crush-saga.wikia.com,658996,Gaming,Flash| iOS| Android| Puzzle,,,
Nico,inazuma-eleven.wikia.com,124137,Gaming,Anime| Comics| Nintendo 3DS| Sports| RPG| Wii,,,
Nico,mysingingmonsters.wikia.com,599406,Gaming,iOS| Android| Simulation,,,
Nico,starcraft.wikia.com,458,Gaming,Sci-Fi| PC| OSX| RTS| e-Sports,,,
Nico,dotd.wikia.com,157404,Gaming,Flash| MMO| RPG| iOS| Android| Fantasy,,,
Nico,mortalkombat.wikia.com,949,Gaming,Fighting| Action| Movies| Playstation  Playstation  PC| Xbox 360,,,
Nico,mugen.wikia.com,665,Gaming,Fighting| PC| Linux,,,
Nico,mspaintadventures.wikia.com,11649,Gaming,Adventure| Comics| PC| OSX,,,
Nico,dcuniverseonline.wikia.com,11106,Gaming,MMO| Playstation  Playstation  RPG| Action| Comics| Toys| PC,,,
Nico,warcommander.wikia.com,360967,Gaming,Flash| MMO| RTS| Action,,,
Nico,simpsonstappedout.wikia.com,611971,Gaming,Android| iOS| RTS,,,
Nico,swtor.wikia.com,10178,Gaming,MMO| Sci-Fi| RPG| PC,,,
Nico,half-life.wikia.com,795,Gaming,Sci-Fi| Shooter| Playstation  Xbox One| Xbox 36 PC| OSX| Linux,,,
Nico,hexxit.wikia.com,770937,Gaming,Survival| PC| Mac| iOS| Xbox 36 PlayStation 3,,,
Nico,amalur.wikia.com,140962,Gaming,PC| Playstation  Xbox 36 Action| RPG,,,
Nico,tekkitclassic.wikia.com,480886,Gaming,Survival| PC| Mac| iOS| Xbox 36 PlayStation 3,,,
Nico,valkyriecrusade.wikia.com,711765,Gaming,TCG| iOS| Android| Anime,,,
Nico,lastremnant.wikia.com,11424,Gaming,JRPG| Xbox 36 PC,,,
Nico,gotascent.wikia.com,699958,Gaming,Flash| RPG| iOS,,,
Nico,dofuswiki.wikia.com,602,Gaming,RPG| MMO| Flash| Fantasy,,,
Nico,cnc.wikia.com,896,Gaming,PC| OSX| RTS| Xbox 36 Playstation 3,,,
Nico,kingdomhearts.wikia.com,1346,Gaming,Playstation  Playstation  Xbox One| Nintendo 3DS| RPG| Action,,,
Nico,counterstrike.wikia.com,430,Gaming,Shooter| PC| OSX| Linux,,,
Nico,whitewolf.wikia.com,381,Gaming,RPG| Fantasy| PC,,,
Nico,xcom.wikia.com,198492,Gaming,PC| OSX| Strategy| RPG| Linux| Android| Xbox 36 iOS,,,
Nico,ageofempires.wikia.com,659,Gaming,RTS| Simulation| PC| OSX| MMO,,,
Nico,minecraft.wikia.com,44732,Gaming,Survival| PC| Mac| iOS| Xbox 36 PlayStation 3,,,
Nico,silenthill.wikia.com,2022,Gaming,Survival| Horror| Playstation  Playstation Vita| Xbox 36 Wii| PC,,,
Nico,castlevania.wikia.com,1407,Gaming,Action| Adventure| Fantasy| PC| Xbox 36 Playstation  Nintendo 3DS| iOS,,,
Nico,deadspace.wikia.com,6139,Gaming,Shooter| Horror| Survival| PC| Xbox 36 Playstation 3,,,
Nico,harvestmoon.wikia.com,997,Gaming,Simulation| RPG| Nintendo 3DS| Wii,,,
Nico,corpseparty.wikia.com,434195,Gaming,Survival| Horror| Adventure| iOS| PC,,,
Nico,nintendo.wikia.com,1242,Gaming,Ninenton 3DS| Nintendo Wii U| Gaming| Wii,,,
Nico,payday.wikia.com,361803,Gaming,Shooter| PlayStation  Xbox 36 PC| Xbox One| Playstation 4,,,
Nico,stalker.wikia.com,3489,Gaming,Shooter| PC| Survival| Horror,,,
Nico,aselia.wikia.com,1610,Gaming,JRPG| iOS| Wii| Playstation  Xbox 36 Nintendo 3DS,,,
Nico,riskofrain.wikia.com,704065,Gaming,Rougelike| Platformer| Action| PC| Playstation Vita,,,
Nico,soulcalibur.wikia.com,2965,Gaming,Fighting| Android| iOS| Xbox 360,,,
Nico,doom.wikia.com,51,Gaming,Shooter| PC| OSX| Linux| Xbox 36 Playstation 3,,,
Nico,legendofthecryptids.wikia.com,548353,Gaming,Fantasy| TCG| Flash| iOS| Android,,,
Nico,danganronpa.wikia.com,613320,Gaming,Anime| iOS| Android| Adventure| Playstation Vita,,,
Nico,deusex.wikia.com,8322,Gaming,Action| RPG| Shooter| PC| Playstation  OSX,,,
Nico,drakensangonline.wikia.com,351990,Gaming,RPG| MMO| PC| Fantasy,,,
Nico,mountandblade.wikia.com,7434,Gaming,Action| RPG| PC,,,
Nico,farcry.wikia.com,3144,Gaming,Shooter| PC| Playstation  Playstation 3,,,
Nico,boombeach.wikia.com,863607,Gaming,iOS| Android| Strategy,,,
Nico,reborn.wikia.com,4014,Gaming,Anime| Nintendo DS| Fighting,,,
Nico,bakugan.wikia.com,6092,Gaming,Anime| Xbox 36 Playstation  Wii| Nintendo DS| Action,,,
Matt,destinyofspirits.wikia.com,855130,Gaming,RPG| Strategy| PlayStation Vita| Fantasy,,,
Matt,aceattorney.wikia.com,4382,Gaming,Adventure| Nintendo 3DS| Android| iOS| Nintendo Wii| Comics,,,
Matt,blazblue.wikia.com,37152,Gaming,PlayStation  Xbox 36 Anime| Fighting| Arcade| PSP| PC,,,
Matt,cafeworld.wikia.com,57702,Gaming,RPG| Facebook,,,
Matt,tyrantunleashed.wikia.com,766877,Gaming,iOS| Android,,,
Matt,starbound.wikia.com,742916,Gaming,Sci-Fi| PC| PlayStation Vita| Adventure| RPG| Survival,,,
Matt,towerofsaviors.wikia.com,694795,Gaming,iOS| Android| RPG| Adventure| Fantasy,,,
Matt,battlenations.wikia.com,425668,Gaming,Strategy| iOS| Android,,,
Matt,metroid.wikia.com,635,Gaming,Sci-Fi| Action| Adventure,,,
Matt,pokemonzetaomicron.wikia.com,741597,Gaming,RPG| Adventure,,,
Matt,skylanders.wikia.com,244592,Gaming,Toys| Fantasy| PlayStation  Xbox 36 Nintendo Wii U| PlayStation 4,,,
Matt,touhou.wikia.com,7356,Gaming,Shooter| Fantasy| Fighting,,,
Matt,hayday.wikia.com,558705,Gaming,Free-to-Play| iOS| Android| Strategy,,,
Matt,hearthstone.wikia.com,713422,Gaming,iOS| Android| Fantasy| Strategy| Card,,,
Matt,godofwar.wikia.com,2935,Gaming,Action| Adventure| PlayStation  PlayStation Vita| Movies| Comics| Books,,,
Matt,maplestory.wikia.com,823,Gaming,RPG| Free-to-Play| Fantasy,,,
Matt,deadrising.wikia.com,6216,Gaming,Xbox 36 Horror| Action| Xbox One| Playstation 3,,,
Matt,sealonline.wikia.com,5445,Gaming,MMO| PC,,,
Matt,trainstation.wikia.com,355486,Gaming,Free-to-Play,,,
Matt,minecraftpocketedition.wikia.com,427912,Gaming,Android| iOS| Survival,,,
Matt,tinkers-construct.wikia.com,746667,Gaming,Indie,,,
Matt,agarest.wikia.com,63564,Gaming,Playstation  Xbox 36 PC| ,,,
Matt,tekken.wikia.com,3534,Gaming,Playstation| Playstation  Playstation  Fighting| Xbox 360,,,
Matt,dishonored.wikia.com,331747,Gaming,Playstation  Xbox 36 PC| Action| Stealth| Adventure,,,
Matt,monstergirlquest.wikia.com,468156,Gaming,PC| Adventure,,,
Matt,therunefactory.wikia.com,315371,Gaming,Nintendo DS| Simulation| RPG,,,
Matt,angrybirds.wikia.com,120639,Gaming,Android| iOS,,,
Matt,ratchet.wikia.com,1122,Gaming,Playstation  Playstation  Playstation Vita| Playstation  Action| Adventure,,,
Matt,injusticegodsamongus.wikia.com,547034,Gaming,iOS| Playstation  Xbox 36 WiiU| Fighting| Heroes| Comics,,,
Matt,quiz-rpg-the-world-of-mystic-wiz.wikia.com,825961,Gaming,Android| iOS| Puzzle| Indie,,,
Matt,devilmaycry.wikia.com,1425,Gaming,Playstation  Playstation  Xbox 36 PC| Action,,,
Matt,xenoblade.wikia.com,252435,Gaming,WiiU| Action| RPG| Adventure| Playstation  Nintendo DS,,,
Matt,deadisland.wikia.com,130792,Gaming,Xbox 36 Playstation  PC| Action| ,,,
Matt,wocsolverlabs.wikia.com,865184,Gaming,Simulation| Creative| PC| Mac,,,
Matt,thelastofus.wikia.com,435087,Gaming,Playstation  Playstation  Action| Adventure| Sci-Fi| Heroes,,,
Matt,infamous.wikia.com,17960,Gaming,PlayStation  PlayStation  Action| Adventure| Sci-Fi| Heroes,,,
Matt,nfs.wikia.com,1383,Gaming,Racing| Xbox 36 Xbox One| PC| Playstation Playstation  PlayStation Vita| Android| iOS| Mac| Nintendo 3DS| Nintendo Wii U,,,
Matt,devilmaker.wikia.com,790869,Gaming,RPG| Free-to-Play| Fantasy| Tabletop| Android| iOS,,,
Matt,tekkitlite.wikia.com,666535,Gaming,Survival| Indie| PC,,,
Matt,stateofdecay.wikia.com,592934,Gaming,Survival| Horror| Action| PC| Xbox 360,,,
Matt,mutantsgeneticgladiators.wikia.com,793982,Gaming,Android| iOS| PC| Free-to-Play| RPG| Fantasy,,,
Matt,baldursgate.wikia.com,458381,Gaming,PC| RPG| Adventure| Fantasy| Mac,,,
Matt,lanoire.wikia.com,112657,Gaming,Adventure| Action| Xbox 36 Playstation  PC,,,
Matt,thaumcraft-3.wikia.com,657147,Gaming,Survival| Indie| PC,,,
Matt,rvb.wikia.com,1248,Gaming,Web entertainment (YouTube)| Comedy| Sci-Fi,,,
Matt,fallenlondon.wikia.com,189869,Gaming,Adventure| PC| Fantasy,,,
Matt,metrovideogame.wikia.com,88105,Gaming,Action| Survival| Horror| PC| Xbox 36 Playstation 3,,,
Matt,snk.wikia.com,5748,Gaming,Anime| Fantasy| Arcade,,,
Matt,left4dead.wikia.com,6961,Gaming,Action| Fighting| PC| Mac| Shooter| Survival| Xbox 360,,,
Matt,criminal-case-grimsborough.wikia.com,718421,Gaming,PC| Mac| iOS| Android| Online,,,
Matt,rust.wikia.com,769861,Gaming,Action| Adventure| Survival| PC| Mac| MMO,,,
Matt,galaxyonfire.wikia.com,178381,Gaming,Action| Sci-Fi| Simulation| iOS| Android| Mac| Mobile| PC| Fighting,,,
Matt,acecombat.wikia.com,1903,Gaming,Playstation  Nintendo 3DS| Xbox 36 PC| iOS| Simulation| Action,,,
Matt,battle-spirits.wikia.com,288061,Gaming,Trading Card Game (TCG)| Anime| Toys| Gaming,,,
Matt,darksiders.wikia.com,63627,Gaming,Action| Adventure| PlayStation  Xbox 36 Microsoft Windows| Fighting,,,
Matt,imotwom.wikia.com,108924,Gaming,Fantasy| Fighting| MMO| Android| iOS,,,
Matt,gta-myths.wikia.com,645009,Gaming,Action| Adventure| Android| iOS| PC| Mac| PlayStation  PlayStation  Xbox 36 Xbox One,,,
Matt,scribblenauts.wikia.com,28210,Gaming,Action| Nintendo DS| iOS| Android| Platformer,,,
Matt,deadfrontier.wikia.com,10022,Gaming,Free-to-Play| Horror| Mac| MMO| PC| Survival,,,
Matt,marvel-war-of-heroes.wikia.com,620217,Gaming,Android| Heroes| iOS| Comics| Heroes,,,
Matt,pixeldungeon.wikia.com,671704,Gaming,android| fantasy| RPG,,,
Matt,spore.wikia.com,3085,Gaming,sci-fi| simulation| strategy| action| survival| science| RPG| PC| Mac| iOS,,,
Matt,mtg.wikia.com,848,Gaming,fantasy| trading card game (TCG)| strategy,,,
Matt,nwn2.wikia.com,3595,Gaming,fantasy| adventure| RPG| PC| Mac| ,,,
Matt,drakengard.wikia.com,57800,Gaming,fantasy| PlayStation  Xbox 36 action| RPG,,,
Matt,doodlegod.wikia.com,140095,Gaming,fantasy| iOS| Android| Mobile,,,
Matt,disgaea.wikia.com,5682,Gaming,fantasy| strategy| RPG|comics| anime| Play Station 3,,,
Matt,destiny.wikia.com,604797,Gaming,sci-fi| action| RPG| shooter| PlayStation  PlayStation  Xbox36 Xbox One,,,
Matt,honorbound-juicebox.wikia.com,914818,Gaming,mobile| iOS| Android| RPG| heroes| action| fighting| fantasy| strategy,,,
Matt,fliplinestudios.wikia.com,354464,Gaming,free-to-play| strategy| food and drink,,,
Matt,planetside.wikia.com,300851,Gaming,MMO| shooter| action| fighting| sci-fi| free-to-play| PC| PlayStation 4,,,
Matt,tera.wikia.com,44396,Gaming,MMO| RPG| fantasy| action| fighting| PC| free-to-play,,,
Matt,arkhamcity.wikia.com,389015,Gaming,Heroes| comics| action| adventure| Xbox 36 PlayStation  PC| Mac| PlayStation  Xbox One,,,
Matt,moshimonsters.wikia.com,7588,Gaming,animation| children| free-to-play| PC| Mac| iOS| android| Movies| Nintendo 3DS| action| adventure| toys,,,
Matt,bloons.wikia.com,27822,Gaming,animation| free-to-play| children| strategy| pc| iOS| android| PlayStation  Xbox 36 Nintendo 3DS,,,
Matt,heroes-of-camelot.wikia.com,839782,Gaming,heroes| fantasy| rpg| tcg| free-to-play| adventure| strategy,,,
Matt,prison-architect.wikia.com,621360,Gaming,Indie| Simulation| PC,,,
Matt,hitman.wikia.com,1057,Gaming,action| Xbox 36 PS PC| stealth,,,
Matt,dungeondefenders.wikia.com,175093,Gaming,RPG| PC| Tower Defenders| Fantasy,,,
Matt,sqmegapolis.wikia.com,709577,Gaming,simulation| iOS| android,,,
Matt,wildstaronline.wikia.com,352738,Gaming,MMO| RPG| fantasy| action| fighting| PC,,,
Matt,skullgirls.wikia.com,284111,Gaming,fighting| Xbox 36 PS PC| Arcade,,,
Matt,gearsofwar.wikia.com,2531,Gaming,action| adventure| shooter| xbox 360,,,
Matt,herebemonsters.wikia.com,647164,Gaming,iOS| android| fantasy| MMO,,,
Matt,infinityblade.wikia.com,193247,Gaming,fantasy| adventure| action| RPG| iOS,,,
Matt,titanfall.wikia.com,764272,Gaming,shooter| action| Xbox 36 Xbox One| PC| Sci-Fi,,,
Matt,crusaderkings-two.wikia.com,484237,Gaming,simulation| strategy| PC,,,
Matt,thronerush.wikia.com,883683,Gaming,RTS| strategy| iOS| android,,,
Matt,dragonquest.wikia.com,2846,Gaming,RPG| adventure| fantasy| Nintendo 3DS,,,
Matt,chrono.wikia.com,7930,Gaming,RPG| adventure| fantasy| Nintendo 3DS,,,
Matt,dnd4.wikia.com,7777,Gaming,adventure| fantasy| tabletop,,,
Matt,animaljam.wikia.com,172681,Gaming,TV,,,
Matt,castleage.wikia.com,60566,Gaming,Strategy| Adventure| Fantasy| PC| Free-to-Play,,,
Matt,town-of-salem.wikia.com,941394,Gaming,RPG| Strategy| Free-to-Play| PC,,,
Matt,sonicfanon.wikia.com,7414,Gaming,Fanon| Action| Adventure| Platformer| PlayStation  PlayStation 4,,,
Matt,soulsacrifice.wikia.com,733020,Gaming,RPG| Action| PlayStation Vita| Fantasy| Adventure,,,
Matt,mario.wikia.com,3473,Gaming,Nintendo 3DS| Nintendo Wii U| Adventure| Platformer,,,
Matt,tropico.wikia.com,5811,Gaming,PC| Mac| Xbox 36 PlayStation  Strategy,,,
Matt,earthbound.wikia.com,5419,Gaming,Nintendo 3DS| Nintendo Wii U| Adventure| RPG| Sci-Fi,,,
Matt,aikatsu.wikia.com,590987,Gaming,Anime| Manga| Trading Card Games| Gaming| Books| Nintendo 3DS| Young Adult| Pop,,,
Matt,gaming.wikia.com,4630,Gaming,Gaming| Education| Mac| Mobile| Nintendo 3DS| Nintendo Wii U| PC| PlayStation  PlayStation  PlayStation Vita| Toys| Xbox 360 Xbox One,,,
Matt,dragonsofatlantis.wikia.com,173778,Gaming,Strategy| Action| PC| Fantasy| Survival| Free-to-Play,,,
Matt,million-arthur.wikia.com,848457,Gaming,iOS| Mobile| RPG| Android| Fantasy| TCG| Strategy,,,
Matt,grandchase.wikia.com,8314,Gaming,Free-to-Play| Fighting| PC| Mac| Fantasy,,,
Matt,nwn.wikia.com,2166,Gaming,RPG| PC| Mac| Fantasy| Adventure| Fighting,,,
Matt,dragcave.wikia.com,12620,Gaming,RPG| Fantasy| Adventure| PC| Mac| Free-to-Play| Simulation,,,
Annette,minecraftbuildcraft.wikia.com,267078,Gaming,Survival| PC| Mac| iOS| Xbox 360,,,
Annette,technicpack.wikia.com,400840,Gaming,,,,
Annette,mafiagame.wikia.com,12264,Gaming,Action| Adventure| PlayStation  Xbox 36 PC| Mac,,,
Annette,pathfinder.wikia.com,13464,Gaming,Tabletop| RPG| Fantasy,,,
Annette,containmentbreach.wikia.com,764816,Gaming,Survival| Horror| Indie| PC,,,
Annette,deadoralive.wikia.com,6117,Gaming,Fighting,,,
Annette,pawnstarsthegame.wikia.com,334826,Gaming,Simulation,,,
Annette,alicesoft.wikia.com,991,Gaming,PC| Anime,,,
Annette,l5r.wikia.com,179,Gaming,Fantasy| RPG| TCG,,,
Annette,cso.wikia.com,186509,Gaming,PC| Xbox| Mac| Shooter,,,
Annette,spyro.wikia.com,4899,Gaming,Action| Adventure| PlayStation| Xbox 36 Wii U,,,
Annette,kairosoft.wikia.com,291796,Gaming,Mobile| iOS| Android,,,
Annette,kaijudo.wikia.com,480162,Gaming,TV| TCG| Tabletop,,,
Annette,metalslug.wikia.com,5942,Gaming,Shooter| PlayStation| PC| Xbox,,,
Annette,sleepingdogs.wikia.com,478833,Gaming,Action| Adventure| Xbox 36 PlayStation  PC,,,
Annette,mlpccg.wikia.com,881312,Gaming,TCG| Children,,,
Annette,crashbandicoot.wikia.com,749,Gaming,Action| Adventure| PlayStation,,,
Annette,thecreatures.wikia.com,286873,Gaming,Web entertainment,,,
Annette,wartune.wikia.com,585224,Gaming,RPG| MMO| Fantasy,,,
Luis,roosterteeth.wikia.com,14007,Gaming,gaming| tv| shooter| comedy,,,
Kate,fantendo.wikia.com,2777,Lifestyle,Fanon,,,
Thomas,lego.wikia.com,984,Lifestyle,Toys| Children| Movies| Games| Comics| Fantasy| Sci-Fi| Adventure| Action,,Nintendo 3DS,
Scott,uncyclopedia.wikia.com,425,Lifestyle,Humor| Politics,,Sports,
Ariana,logos.wikia.com,31618,Lifestyle,TV| Movies| Creative| Music| ,,,
Ariana,prowrestling.wikia.com,283,Lifestyle,Sports| TV,,,
Kate,vocaloid.wikia.com,7857,Lifestyle,Anime| Creative| Electronic| Lifestyle| Music| Simulation| Technology,,,
Bert,althistory.wikia.com,73,Lifestyle,Politics| Philosophy| Creative,,,
Andrew,hotwheels.wikia.com,2973,Lifestyle,Toys| Racing,,,
Andrew,nerf.wikia.com,4444,Lifestyle,Toys,,,
Andrew,vim.wikia.com,2827,Lifestyle,PC,,,
Kirkburn,bionicle.wikia.com,891,Lifestyle,Toys| Children| Animation| Sci-Fi| Adventure| Action| Fantasy,,,
Brandon,familypedia.wikia.com,40,Lifestyle,Science,,,
Luis,psychology.wikia.com,989,Lifestyle,education,,,
Luis,camerapedia.wikia.com,211208,Lifestyle,education| technology,,,
Nick,theslenderman.wikia.com,236279,Lifestyle,Horror| Indie,,,
Nick,recipes.wikia.com,3355,Lifestyle,Food & Drink| Creative,,,
Annette,ideas.wikia.com,881,Lifestyle,Fanon| Creative| Answers,,,
Annette,trollpasta.wikia.com,322043,Lifestyle,Creative,,,
Annette,vintagepatterns.wikia.com,4486,Lifestyle,Creative| Fashion and Style,,,
Annette,pewdiepie.wikia.com,512075,Lifestyle,Web entertainment,,,
Joe,creepypasta.wikia.com,147413,Lifestyle,Creative| Horror| Books| Fanon,,Green,
Wendy,smosh.wikia.com,14301,Lifestyle,Web entertainment| comedy| gaming| comics,,,
Wendy,americangirl.wikia.com,7985,Lifestyle,toys| books| movies| children,,,
Luis,tractors.wikia.com,6492,Lifestyle,education,,,
Joe,starwars.wikia.com,147,Movies,Sci-Fi| Books| TV| Gaming| Comics| RPG| MMO| Strategy| Shooter| Action| Racing| Free-to-Play| Mobile| PC| Xbox 36 PlayStation 3,,Adventure,
Joe,disney.wikia.com,374,Movies,TV| Animation| Gaming| Fantasy| Children| Comics| Drama| Comedy| Action| RPG| Racing| Xbox 36 PlayStation  Nintendo 3DS| Wii U,,Drama,
Thomas,godzilla.wikia.com,528,Movies,Action| Sci-Fi| Fantasy,,Lifestyle,
Scott,marvel-movies.wikia.com,6294,Movies,Comics| Fantasy| Sci-Fi| Adventure| Action| Heroes,,Strategy,
Grace,xmenmovies.wikia.com,212757,Movies,Comics| Gaming| Action| Sci-Fi| Adventure| Heroes,,,
Grace,marvelcinematicuniverse.wikia.com,177996,Movies,TV| Comics| Gaming| Action| Heroes| Books,,,
Grace,pixar.wikia.com,4097,Movies,Action| Adventure| Animation| Toys| TV| Gaming| Children| Young Adult| Comedy| Romance| Books,,,
Grace,stargate.wikia.com,119,Movies,TV| Books| Music| Sci-Fi| Action| Adventure| Gaming,,,
Kate,pacificrim.wikia.com,231905,Movies,Sci-Fi| Action| Games| Fantasy,,,
Bert,avp.wikia.com,1538,Movies,Sci-Fi| Horror| Books| Comics| Adventure| Action,,,
Sannse,amazingspiderman.wikia.com,442115,Movies,Comics| Gaming| Nintendo 3DS| PlayStation  Xbox 36 Android| PlayStation Vita| PlayStation  Xbox One| iOS| Action| Adventure| Heroes,,,
Sannse,pirates.wikia.com,1668,Movies,Books| RPG| Gaming| Adventure| Action| Xbox 36 PlayStation  Android| iOS,,,
Brandon,despicableme.wikia.com,101717,Movies,Children| Comedy| Humor| Books| Gaming,,,
Brandon,poohadventures.wikia.com,20838,Movies,Children| Humor| Web entertainment (YouTube),,,
Brandon,fastandfurious.wikia.com,4919,Movies,Action| Adventure| Auto| Gaming| Racing| Toys,,,
Brandon,jamesbond.wikia.com,596,Movies,Action| Adventure| Fighting| Gaming,,,
Wendy,terminator.wikia.com,2956,Movies,sci-fi| action| TV| comics| books| gaming,,,
Wendy,jurassicpark.wikia.com,1766,Movies,books| comics| gaming| sci-fi| action| adventure| fantasy,,,
Luis,rio.wikia.com,119785,Movies,comedy| humor| animation,,,
Nick,barbie-movies.wikia.com,157124,Movies,Fantasy| Romance| Animation| Children| Fashion and Style| Young Adult,,,
Nick,lionking.wikia.com,759,Movies,Music| Animation| Adventure| Children| Romance| Comedy,,,
Nick,matrix.wikia.com,1659,Movies,Comics| Sci-fi| Action| Adventure| Fighting,,,
Annette,thecabininthewoods.wikia.com,522974,Movies,Horror| Comedy,,,
Annette,kungfupanda.wikia.com,7488,Movies,Animation| TV| Children| Books| Gaming,,,
Joe,lyrics.wikia.com,43339,Music,Hip Hop/Rap/R&B| Jazz| Pop| Rock,,Fantasy,
Kate,kagerouproject.wikia.com,574017,Music,Comedy| Drama| Romance| Sci-Fi| Anime,,,
Kate,youtube.wikia.com,2575,Music,Technology| Lifestyle| Wikia entertainment| ,,,
Bert,epicrapbattlesofhistory.wikia.com,263695,Music,Humor| Comedy| Hip Hop/Rap/R&B,,,
Kirkburn,onedirection.wikia.com,203914,Music,Pop,,,
Brandon,utaite.wikia.com,72688,Music,Pop| Rock| Web entertainment (YouTube),,,
Brandon,ladygaga.wikia.com,13022,Music,Pop| Electronic| Fashion and Style| Rock,,,
Bert,scratchpad.wikia.com,95,Other,Gaming| Movies| TV| Creative,,,
Bert,answers.wikia.com,11557,Other,Answers,,,
Joe,walkingdead.wikia.com,13346,TV,Comics| Drama| Gaming| Adventure| PC| Xbox 36 Xbox One| PlayStation  PlayStation  PlayStation Vita| Mobile| iOS| Android,,Folk,
Luis,warehouse13.wikia.com,36148,TV,action| adventure| Sci-Fi,,,
Kirkburn,monsterhigh.wikia.com,122722,TV,Fantasy| Children| Toys| Gaming| Nintendo 3DS| Nintendo Wii U| iOS| Books,,,
Wendy,everafterhigh.wikia.com,743755,TV,web entertainment| books| fantasy| animation| toys| children,,,
Joe,gameofthrones.wikia.com,130814,TV,Drama| Fantasy,,Android,
Thomas,en.memory-alpha.org,113,TV,Movies| Sci-Fi| Drama,,Horror,
Thomas,adventuretime.wikia.com,24357,TV,Animation| Adventure| Fantasy,,iOS,
Thomas,digimon.wikia.com,1055,TV,Anime| Action| Comics| Fighting| Gaming| Toys,,Kickstarter,
Thomas,vampirediaries.wikia.com,38969,TV,Drama| Fantasy| Books| Young Adult,,OSX,
Thomas,powerrangers.wikia.com,277,TV,Action| Children| Sci-Fi| Fantasy| Heroes,,MOBA,(Multiplayer Online Battle Arena)
Thomas,mlp.wikia.com,194308,TV,Animation| Children| Fantasy| Toys,,Movies,
Thomas,gundam.wikia.com,932,TV,Anime| Sci-Fi,,Music,
Thomas,muppet.wikia.com,831,TV,Movies| Children,,RPG,(Role Playing Game)
Thomas,tardis.wikia.com,125,TV,Sci-Fi| Drama,,Science,
Scott,simpsons.wikia.com,673,TV,Animation| Comedy,,Simulation,
Scott,ben10.wikia.com,3124,TV,Animation| Children| Sci-Fi| Heroes,,Toys,
Scott,ttte.wikia.com,2569,TV,Animation| Children,,Travel,
Scott,glee.wikia.com,26337,TV,Comedy| Music,,Web entertainment (YouTube),
Scott,onceuponatime.wikia.com,342218,TV,Fantasy| Drama| Adventure,,Wikia,
Scott,avatar.wikia.com,532,TV,Animation| Movies| Gaming| Toys| Comics,,Xbox 360,
Scott,supernatural.wikia.com,4428,TV,Horror| Fantasy| Action| Adventure| Books| Comics,,Xbox One,
Scott,arrow.wikia.com,250551,TV,Comics| Drama| Action| Sci-Fi,,,
Scott,kamenrider.wikia.com,5975,TV,Comics| Sci-Fi,,,
Scott,breakingbad.wikia.com,18733,TV,Drama| Fantasy| Books| Young Adult,,,
Scott,spongebob.wikia.com,2860,TV,Animated| Comics| Movies| Gaming| Children,,,
Ariana,hunterxhunter.wikia.com,6527,TV,Anime| Gaming| Music,,,
Ariana,southpark.wikia.com,835,TV,Animation| Comedy| Movies| Humor| ,,,
Ariana,familyguy.wikia.com,376,TV,Animation| Comedy| Humor,,,
Ariana,24.wikia.com,684,TV,Drama| Comics| Gaming,,,
Ariana,pretty-little-liars.wikia.com,35322,TV,Young Adult| Adventure| Fashion and Style| Drama,,,
Ariana,degrassi.wikia.com,2111,TV,Romance| Comedy,,,
Grace,bigbangtheory.wikia.com,4828,TV,Comedy,,,
Grace,lostpedia.wikia.com,11432,TV,Action| Sci-fi| Drama| Fantasy,,,
Grace,how-i-met-your-mother.wikia.com,8221,TV,Comedy| Romance,,,
Grace,survivor.wikia.com,1166,TV,Survival,,,
Kate,winx.wikia.com,6708,TV,Animation| Children| Comics| Fantasy| Gaming| Movies| Music| Toys,,,
Kate,criminalminds.wikia.com,12114,TV,Action| Drama| ,,,
Kate,grimm.wikia.com,106540,TV,Action| Horror| Fantasy,,,
Kate,greysanatomy.wikia.com,2180,TV,Drama| Romance,,,
Kate,fma.wikia.com,2866,TV,Anime| Sci-Fi| Action| ,,,
Kate,memory-beta.wikia.com,323,TV,Books| Comics| RPG| Technology| Sci-Fi| Movies,,,
Kate,souleater.wikia.com,8015,TV,Anime| Gaming| Fighting| Horror| Fantasy,,,
Kate,buffy.wikia.com,739,TV,Romance| Comedy| Action| Comics| Horror| Fantasy,,,
Kate,wiggles.wikia.com,3626,TV,Music| Childrens,,,
Bert,phineasandferb.wikia.com,6390,TV,Animation| Children| Comedy,,,
Bert,smallville.wikia.com,1014,TV,Comics| Sci-Fi| Heroes| Drama| Adventure| Action,,,
Bert,totaldrama.wikia.com,7976,TV,Animation| Comedy,,,
Bert,fairlyoddparents.wikia.com,4073,TV,Animation| Children| Comedy,,,
Bert,barney.wikia.com,9144,TV,Children| Comedy| Toys,,,
Bert,charmed.wikia.com,977,TV,Fantasy| Drama| Comedy,,,
Bert,rwby.wikia.com,632746,TV,Action| Adventure| Anime| Fighting| Heroes| Web entertainment (YouTube),,,
Bert,regularshow.wikia.com,79848,TV,Animation| Children| Comedy,,,
Bert,dancemoms.wikia.com,303365,TV,Sports| Music| Lifestyle,,,
Bert,americandad.wikia.com,2632,TV,Animation| Comedy,,,
Tim Q,gossipgirl.wikia.com,6913,TV,Drama,,,
Tim Q,scoobydoo.wikia.com,2154,TV,Animation| Movies| Young Adult| Children,,,
Tim Q,madmen.wikia.com,39401,TV,Drama,,,
Tim Q,house.wikia.com,1845,TV,Drama,,,
Tim Q,teenwolf.wikia.com,260936,TV,Drama| Fantasy| Young Adult,,,
Tim Q,trueblood.wikia.com,9863,TV,Drama| Fantasy| Young Adult| Books,,,
Tim Q,yogscast.wikia.com,229033,TV,Animation| Mobile,,,
Tim Q,theamazingworldofgumball.wikia.com,245424,TV,Children| Animation,,,
Tim Q,dexter.wikia.com,4045,TV,Drama| Horror,,,
Sannse,teentitans.wikia.com,3834,TV,Children| Animation| Action| Comics| Heroes,,,
Sannse,americanhorrorstory.wikia.com,321995,TV,Horror| Fantasy,,,
Sannse,sonsofanarchy.wikia.com,11344,TV,Drama| Action,,,
Sannse,agentsofshield.wikia.com,746358,TV,Action| Adventure| Drama| Sci-Fi| Heroes| Comics,,,
Sannse,youngjustice.wikia.com,146012,TV,Comics| Animation| Gaming| Heroes| Nintendo 3DS| PlayStation  Xbox 36 Action| Adventure,,,
Sannse,austinally.wikia.com,276250,TV,Children| Humor| Drama,,,
Sannse,codegeass.wikia.com,6877,TV,Anime| Fantasy| Drama| Books| Gaming| Comics| Animation,,,
Sannse,transformers.wikia.com,411,TV,Animation| Toys| Movies| Comics| Books| Action| Sci-Fi,,,
Andrew,lawandorder.wikia.com,312,TV,Drama,,,
Andrew,ultra.wikia.com,66452,TV,Action| Sci-Fi| Heroes| Fantasy,,,
Andrew,toriko.wikia.com,88531,TV,Anime| Cartoons| Trading Card Game,,,
Andrew,bones.wikia.com,6279,TV,Drama| Comedy,,,
Andrew,coronationstreet.wikia.com,7107,TV,Drama,,,
Andrew,gravityfalls.wikia.com,218059,TV,Children| Animation| Humor,,,
Kirkburn,prettycure.wikia.com,12606,TV,Fantasy| Anime| Comics,,,
Kirkburn,personofinterest.wikia.com,361686,TV,Drama| Sci-Fi| Action,,,
Kirkburn,hannibal.wikia.com,386650,TV,Movies| Books| Horror,,,
Kirkburn,friends.wikia.com,1228,TV,Comedy| Drama,,,
Kirkburn,steven-universe.wikia.com,621556,TV,Animation| Comedy| Drama| Fantasy| Children,,,
Kirkburn,revengeabc.wikia.com,333869,TV,Drama,,,
Kirkburn,tmnt2012series.wikia.com,593209,TV,Comedy| Animation,,,
Kirkburn,ncis.wikia.com,2257,TV,Drama,,,
Kirkburn,inuyasha.wikia.com,310,TV,Anime| Fantasy| Comics,,,Want 'manga'
Brandon,90210.wikia.com,6801,TV,Drama| Romance| Young Adult,,,
Brandon,house-of-cards.wikia.com,670464,TV,Drama| Politics,,,
Brandon,icarly.wikia.com,6342,TV,Comedy| Humor| Young Adult,,,
Brandon,vikings.wikia.com,710900,TV,Drama| Fantasy| Folk,,,
Brandon,archer.wikia.com,91319,TV,Animation| Comedy| Humor,,,
Brandon,onetreehill.wikia.com,4055,TV,Drama| Romance| Young Adult,,,
Brandon,kill-la-kill.wikia.com,789978,TV,Action| Anime| Comedy| Drama,,,
Wendy,spartacus.wikia.com,91051,TV,fantasy| drama| fighting| comics| books| gaming,,,
Wendy,thementalist.wikia.com,10031,TV,Drama,,,
Wendy,evangelion.wikia.com,4084,TV,anime| fantasy| comics| movies| gaming,,,
Wendy,ben10fanfiction.wikia.com,67345,TV,fanon| animation| creative| TV| sci-fi| action| comedy| adventure|heroes ,,,
Wendy,slugterra.wikia.com,598051,TV,animation| movies| action| sci-fi,,,
Wendy,castle.wikia.com,18068,TV,drama,,,
Luis,futurama.wikia.com,534,TV,animation| comedy| humor| Sci-Fi,,,
Luis,scrubs.wikia.com,1581,TV,comedy| humor,,,
Luis,scandal.wikia.com,281638,TV,drama,,,
Luis,victorious.wikia.com,101230,TV,comedy| humor,,,
Luis,mixels.wikia.com,795170,TV,comedy| humor,,,
Nick,orphanblack.wikia.com,701294,TV,Sci-Fi| Drama,,,
Nick,teen-titans-go.wikia.com,618630,TV,Animation| Young Adult| Comedy| Adventure| Heroes| Comics,,,
Nick,jessie.wikia.com,234888,TV,Young Adult| Drama| Comedy,,,
Nick,powerpuff.wikia.com,4930,TV,Animation| Young Adult| Children| Action| Adventure| Heroes| Movies| Pop| Humor,,,
Nick,x-files.wikia.com,543,TV,Movies| Sci-fi| Horror| Action,,,
Nick,blackbullet.wikia.com,818035,TV,Books| Comics| Anime| Adventure| Action| Sci-fi| Fighting,,,
Nick,samandcat.wikia.com,579689,TV,Young Adult| Comedy,,,
Nick,ed.wikia.com,2889,TV,Young Adult| Animated| Comedy| Humor,,,
Annette,animefeet.wikia.com,244229,TV,Anime| Animation| Comics| Creative,,,
Annette,twohalfmen.wikia.com,7589,TV,Comedy,,,
Annette,community-sitcom.wikia.com,54167,TV,Comedy,,,
Annette,violetta.wikia.com,444292,TV,Children| Music| Young Adult,,,
Annette,merlin.wikia.com,9565,TV,Fantasy,,,
Annette,bluesclues.wikia.com,132540,TV,Children,,,
Annette,unsolvedmysteries.wikia.com,7727,TV,,,,
Annette,downtonabbey.wikia.com,167846,TV,Drama,,,
Annette,theoffice.wikia.com,1573,TV,Comedy,,,
Annette,prisonbreak.wikia.com,1624,TV,Action| Gaming,,,
Annette,general-hospital.wikia.com,13267,TV,Drama| Romance,,,
Annette,fairytailfanon.wikia.com,54032,TV,Anime| Manga| Fanon| Fantasy,,,
Annette,itsalwayssunny.wikia.com,67931,TV,Comedy,,,
Annette,amazingrace.wikia.com,2781,TV,,,,
Annette,arresteddevelopment.wikia.com,2514,TV,Comedy,,,
Tim Q,community.wikia.com,177,Wikia,Wikia,,,
Ariana,www.wikia.com,80433,Wikia,,,,